Timestamp,Cliente,Ambiente,Versión actual,Versión comparada,Sección,Descripción,P95 (ms) de la versión actual,P95 (ms) de la versión comparada,Porcentaje de mejora/empeora
2026-07-07T14:56:30-03:00,AbbacoAR,Production,v1.44.2,v1.44.1,Analizar,Analizar la especie  BDC28,3797.0,2418.9,-56.97
2026-07-07T14:56:30-03:00,AbbacoAR,Production,v1.44.2,v1.44.1,Analizar,Analizar la especie AL30 ,4996.0,4543.1,-9.97
2026-07-07T14:56:30-03:00,AbbacoAR,Production,v1.44.2,v1.44.1,Analizar,Analizar la especie PECMO,2438.0,2153.15,-13.23
2026-07-07T14:56:30-03:00,AbbacoAR,Production,v1.44.2,v1.44.1,Analizar,Analizar la especie TX28,3147.0,2400.4,-31.1
2026-07-07T14:56:30-03:00,AbbacoAR,Production,v1.44.2,v1.44.1,Analizar,Armado de escenarios en Análisis de Sensibilidad de la especie AL30,13300.0,12701.1,-4.72
2026-07-07T14:56:30-03:00,AbbacoAR,Production,v1.44.2,v1.44.1,Analizar,Armado de escenarios en Análisis de Sensibilidad de la especie BDC28,24606.0,14349.35,-71.48
2026-07-07T14:56:30-03:00,AbbacoAR,Production,v1.44.2,v1.44.1,Analizar,Armado de escenarios en Análisis de Sensibilidad de la especie PECMO,13033.0,12304.2,-5.92
2026-07-07T14:56:30-03:00,AbbacoAR,Production,v1.44.2,v1.44.1,Analizar,Armado de escenarios en Análisis de Sensibilidad de la especie TX28,8913.0,9209.15,3.22
2026-07-07T14:56:30-03:00,AbbacoAR,Production,v1.44.2,v1.44.1,Analizar,Ingresar al Home,8423.0,27365.2,69.22
2026-07-07T14:56:30-03:00,AbbacoAR,Production,v1.44.2,v1.44.1,Analizar,Ingreso a la pestaña Condiciones de Emisión de la especie  AL30,685.0,863.05,20.63
2026-07-07T14:56:30-03:00,AbbacoAR,Production,v1.44.2,v1.44.1,Analizar,Ingreso a la pestaña Condiciones de Emisión de la especie BDC28,4421.0,1000.05,-342.08
2026-07-07T14:56:30-03:00,AbbacoAR,Production,v1.44.2,v1.44.1,Analizar,Ingreso a la pestaña Condiciones de Emisión de la especie PECMO,1105.0,773.45,-42.87
2026-07-07T14:56:30-03:00,AbbacoAR,Production,v1.44.2,v1.44.1,Analizar,Ingreso a la pestaña Condiciones de Emisión de la especie TX28,1587.0,838.65,-89.23
2026-07-07T14:56:30-03:00,AbbacoAR,Production,v1.44.2,v1.44.1,Analizar,Navegabilidad por los botones TIRs y Paridades Históricas de la especie AL30,4611.0,22184.95,79.22
2026-07-07T14:56:30-03:00,AbbacoAR,Production,v1.44.2,v1.44.1,Analizar,Navegabilidad por los botones TIRs y Paridades Históricas de la especie BDC28,5995.0,6198.75,3.29
2026-07-07T14:56:30-03:00,AbbacoAR,Production,v1.44.2,v1.44.1,Analizar,Navegabilidad por los botones TIRs y Paridades Históricas de la especie PECMO,2896.0,3665.25,20.99
2026-07-07T14:56:30-03:00,AbbacoAR,Production,v1.44.2,v1.44.1,Analizar,Navegabilidad por los botones TIRs y Paridades Históricas de la especie TX28,4955.0,7941.25,37.6
2026-07-07T14:56:30-03:00,AbbacoAR,Production,v1.44.2,v1.44.1,Analizar,Simular inversión de la especie AL30,2655.0,2500.95,-6.16
2026-07-07T14:56:30-03:00,AbbacoAR,Production,v1.44.2,v1.44.1,Analizar,Simular inversión de la especie BDC28,4183.0,8436.2,50.42
2026-07-07T14:56:30-03:00,AbbacoAR,Production,v1.44.2,v1.44.1,Analizar,Simular inversión de la especie PECMO,3437.0,4345.4,20.9
2026-07-07T14:56:30-03:00,AbbacoAR,Production,v1.44.2,v1.44.1,Analizar,Simular inversión de la especie TX28,8815.0,2799.4,-214.89
2026-07-07T14:56:30-03:00,AbbacoAR,Production,v1.44.2,v1.44.1,Analizar,Validaciones en la pestaña General de la especie PECMO,850.0,1051.2,19.14
2026-07-07T14:56:30-03:00,AbbacoAR,Production,v1.44.2,v1.44.1,Arbitraje,Arbitraje de las especies AL30 y TX28,10580.0,10637.0,0.54
2026-07-07T14:56:30-03:00,AbbacoAR,Production,v1.44.2,v1.44.1,Arbitraje,Ingresar al menú Arbitraje,953.0,863.45,-10.37
2026-07-07T14:56:30-03:00,AbbacoAR,Production,v1.44.2,v1.44.1,Arbitraje,"Navegabilidad entre las pestañas Paridad, Inversión y Scatter",10588.0,12311.7,14.0
2026-07-07T14:56:30-03:00,AbbacoAR,Production,v1.44.2,v1.44.1,Calculadora,"Editar P. Simulado, de la primera simulación",2463.0,2584.2,4.69
2026-07-07T14:56:30-03:00,AbbacoAR,Production,v1.44.2,v1.44.1,Calculadora,Editar la TIR de la primera simulación,1650.0,1789.8,7.81
2026-07-07T14:56:30-03:00,AbbacoAR,Production,v1.44.2,v1.44.1,Calculadora,Eliminar todas las simulaciones,2549.0,2431.0,-4.85
2026-07-07T14:56:30-03:00,AbbacoAR,Production,v1.44.2,v1.44.1,Calculadora,Ingresar al menú Calculadora,4304.0,3573.6,-20.44
2026-07-07T14:56:30-03:00,AbbacoAR,Production,v1.44.2,v1.44.1,Calculadora,Simular inversiones de la especie AL30,95185.0,88125.95,-8.01
2026-07-07T14:56:30-03:00,AbbacoAR,Production,v1.44.2,v1.44.1,Comparar,Eliminar las especies AL30 y TX28,2400.0,2431.9,1.31
2026-07-07T14:56:30-03:00,AbbacoAR,Production,v1.44.2,v1.44.1,Comparar,Ingresar al menú Comparar,834.0,890.95,6.39
2026-07-07T14:56:30-03:00,AbbacoAR,Production,v1.44.2,v1.44.1,Comparar,Ir a Condiciones de Emisión,1827.0,45166.25,95.95
2026-07-07T14:56:30-03:00,AbbacoAR,Production,v1.44.2,v1.44.1,Comparar,Navegabilidad por pestañas gráficas,7769.0,20723.1,62.51
2026-07-07T14:56:30-03:00,AbbacoAR,Production,v1.44.2,v1.44.1,Comparar,Realizar comparativa entre las especies AL30 y TX28,18292.0,58201.25,68.57
2026-07-07T14:56:30-03:00,AbbacoAR,Production,v1.44.2,v1.44.1,Curvas,Ingresar a la pestaña Internacionales,471.0,562.45,16.26
2026-07-07T14:56:30-03:00,AbbacoAR,Production,v1.44.2,v1.44.1,Curvas,Ingresar al menú Curvas,3141.0,2956.25,-6.25
2026-07-07T14:56:30-03:00,AbbacoAR,Production,v1.44.2,v1.44.1,Curvas,Ingreso a la curva BCRA - BOPREALs - USD,1064.0,1044.4,-1.88
2026-07-07T14:56:30-03:00,AbbacoAR,Production,v1.44.2,v1.44.1,Curvas,Ingreso a la curva Brasil - Soberanos - Bonos Globales - USD,15561.0,12453.1,-24.96
2026-07-07T14:56:30-03:00,AbbacoAR,Production,v1.44.2,v1.44.1,Curvas,Ingreso a la curva Chile - Soberanos - Bonos Globales - USD,10672.0,11902.9,10.34
2026-07-07T14:56:30-03:00,AbbacoAR,Production,v1.44.2,v1.44.1,Curvas,Ingreso a la curva Colombia - Soberanos - Bonos Globales - USD,24703.0,24454.5,-1.02
2026-07-07T14:56:30-03:00,AbbacoAR,Production,v1.44.2,v1.44.1,Curvas,Ingreso a la curva Corporativos - ONs TAMAR - ARS,5969.0,11926.3,49.95
2026-07-07T14:56:30-03:00,AbbacoAR,Production,v1.44.2,v1.44.1,Curvas,Ingreso a la curva Estados Unidos - Soberanos - Treasury Notes/Bonds - USD,10773.0,8084.25,-33.26
2026-07-07T14:56:30-03:00,AbbacoAR,Production,v1.44.2,v1.44.1,Curvas,Ingreso a la curva Mexico - Soberanos - Bonos Globales - USD,35555.0,22716.6,-56.52
2026-07-07T14:56:30-03:00,AbbacoAR,Production,v1.44.2,v1.44.1,Curvas,Ingreso a la curva Paraguay - Soberanos - Bonos Globales - USD,12549.0,7420.45,-69.11
2026-07-07T14:56:30-03:00,AbbacoAR,Production,v1.44.2,v1.44.1,Curvas,Ingreso a la curva Soberanos - Letras del Tesoro Capitalizables (LECAP) - ARS,1180.0,1154.8,-2.18
2026-07-07T14:56:30-03:00,AbbacoAR,Production,v1.44.2,v1.44.1,Curvas,Ingreso a la curva Soberanos - Ley Argentina - USD,1313.0,1065.95,-23.18
2026-07-07T14:56:30-03:00,AbbacoAR,Production,v1.44.2,v1.44.1,Curvas,Ingreso a la curva Soberanos - Tasa Fija + CER - ARS,1445.0,1151.75,-25.46
2026-07-07T14:56:30-03:00,AbbacoAR,Production,v1.44.2,v1.44.1,Curvas,"Ingreso a la pestaña ""BCRA""",169.0,175.6,3.76
2026-07-07T14:56:30-03:00,AbbacoAR,Production,v1.44.2,v1.44.1,Curvas,"Ingreso a la pestaña ""Corporativos""",173.0,163.65,-5.71
2026-07-07T14:56:30-03:00,AbbacoAR,Production,v1.44.2,v1.44.1,Curvas,"Ingreso a la pestaña ""Soberanos""",1664.0,3266.45,49.06
2026-07-07T14:56:30-03:00,AbbacoAR,Production,v1.44.2,v1.44.1,Curvas,"Ingreso a la pestaña ""SubSoberanos""",169.0,166.8,-1.32
2026-07-07T14:56:30-03:00,AbbacoAR,Production,v1.44.2,v1.44.1,Graficador,Graficar la especie AL30,8668.0,7391.15,-17.28
2026-07-07T14:56:30-03:00,AbbacoAR,Production,v1.44.2,v1.44.1,Graficador,Graficar todas las curvas,1173.0,894.7,-31.11
2026-07-07T14:56:30-03:00,AbbacoAR,Production,v1.44.2,v1.44.1,Graficador,Ingresar al menú Graficador,3623.0,3302.05,-9.72
2026-07-07T14:56:30-03:00,AbbacoAR,Production,v1.44.2,v1.44.1,Mis portafolios,Agregar la cuarta especie al portafolio,9177.0,10933.1,16.06
2026-07-07T14:56:30-03:00,AbbacoAR,Production,v1.44.2,v1.44.1,Mis portafolios,Agregar la primera especie al portafolio,8498.0,7704.55,-10.3
2026-07-07T14:56:30-03:00,AbbacoAR,Production,v1.44.2,v1.44.1,Mis portafolios,Agregar la segunda especie al portafolio,8950.0,7457.85,-20.01
2026-07-07T14:56:30-03:00,AbbacoAR,Production,v1.44.2,v1.44.1,Mis portafolios,Agregar la tercera especie al portafolio,9277.0,7147.25,-29.8
2026-07-07T14:56:30-03:00,AbbacoAR,Production,v1.44.2,v1.44.1,Mis portafolios,Crear un nuevo portafolio,6819.0,5771.95,-18.14
2026-07-07T14:56:30-03:00,AbbacoAR,Production,v1.44.2,v1.44.1,Mis portafolios,Editar el portafolio,3764.0,5138.0,26.74
2026-07-07T14:56:30-03:00,AbbacoAR,Production,v1.44.2,v1.44.1,Mis portafolios,Eliminar el portafolio,2815.0,2688.35,-4.71
2026-07-07T14:56:30-03:00,AbbacoAR,Production,v1.44.2,v1.44.1,Mis portafolios,Eliminar todas las especies del portafolio,196.0,215.15,8.9
2026-07-07T14:56:30-03:00,AbbacoAR,Production,v1.44.2,v1.44.1,Mis portafolios,Ingresar al menú Mis portafolios,992.0,2531.8,60.82
2026-07-07T14:56:30-03:00,AbbacoAR,Production,v1.44.2,v1.44.1,Mis portafolios,Navegabilidad entre las pestañas Proyección y Agenda de pagos en el portafolio,2728.0,2888.5,5.56
2026-07-07T14:56:30-03:00,AbbacoAR,Production,v1.44.2,v1.44.1,Screener,Ingresar al menú Screener,3901.0,3430.7,-13.71
2026-07-07T14:56:30-03:00,AbbacoAR,Production,v1.44.2,v1.44.1,Sensibilidad,Eliminar escenario,547.0,505.4,-8.23
2026-07-07T14:56:30-03:00,AbbacoAR,Production,v1.44.2,v1.44.1,Sensibilidad,Eliminar especie,215.0,211.4,-1.7
2026-07-07T14:56:30-03:00,AbbacoAR,Production,v1.44.2,v1.44.1,Sensibilidad,Ingresar al menú Sensibilidad,940.0,945.95,0.63
2026-07-07T14:56:30-03:00,AbbacoAR,Production,v1.44.2,v1.44.1,Sensibilidad,Realizar Análisis de sensibilidad,8285.0,7629.35,-8.59
