Timestamp,Cliente,Ambiente,Sección,Versión,P95 (ms) actual
2026-07-07T14:56:30-03:00,AbbacoAR,Production,Analizar,v1.44.2,13286.65
2026-07-07T14:56:30-03:00,AbbacoAR,Production,Arbitraje,v1.44.2,10587.2
2026-07-07T14:56:30-03:00,AbbacoAR,Production,Calculadora,v1.44.2,77008.8
2026-07-07T14:56:30-03:00,AbbacoAR,Production,Comparar,v1.44.2,16187.4
2026-07-07T14:56:30-03:00,AbbacoAR,Production,Curvas,v1.44.2,26873.4
2026-07-07T14:56:30-03:00,AbbacoAR,Production,Graficador,v1.44.2,8163.5
2026-07-07T14:56:30-03:00,AbbacoAR,Production,Mis portafolios,v1.44.2,9232.0
2026-07-07T14:56:30-03:00,AbbacoAR,Production,Screener,v1.44.2,3901.0
2026-07-07T14:56:30-03:00,AbbacoAR,Production,Sensibilidad,v1.44.2,7183.25
