Timestamp,Cliente,Ambiente,Sección,Descripción,Versión,P95 (ms) actual,P95 (ms) histórico,Porcentaje de mejora/empeora
2026-06-11T17:24:40-03:00,AbbacoAR,Production,Analizar,Analizar la especie  BDC28,v1.43.3,3000.0,3068.4,2.23
2026-06-11T17:24:40-03:00,AbbacoAR,Production,Analizar,Analizar la especie AL30 ,v1.43.3,3438.0,3361.6,-2.27
2026-06-11T17:24:40-03:00,AbbacoAR,Production,Analizar,Analizar la especie PNRCO,v1.43.3,2249.0,2845.6,20.97
2026-06-11T17:24:40-03:00,AbbacoAR,Production,Analizar,Analizar la especie TX28,v1.43.3,2773.0,2239.4,-23.83
2026-06-11T17:24:40-03:00,AbbacoAR,Production,Analizar,Armado de escenarios en Análisis de Sensibilidad de la especie AL30,v1.43.3,15011.0,20554.6,26.97
2026-06-11T17:24:40-03:00,AbbacoAR,Production,Analizar,Armado de escenarios en Análisis de Sensibilidad de la especie BDC28,v1.43.3,16837.0,31473.4,46.5
2026-06-11T17:24:40-03:00,AbbacoAR,Production,Analizar,Armado de escenarios en Análisis de Sensibilidad de la especie PNRCO,v1.43.3,15615.0,21743.8,28.19
2026-06-11T17:24:40-03:00,AbbacoAR,Production,Analizar,Armado de escenarios en Análisis de Sensibilidad de la especie TX28,v1.43.3,7779.0,15365.6,49.37
2026-06-11T17:24:40-03:00,AbbacoAR,Production,Analizar,Ingresar al Home,v1.43.3,10388.0,10111.8,-2.73
2026-06-11T17:24:40-03:00,AbbacoAR,Production,Analizar,Ingreso a la pestaña Condiciones de Emisión de la especie  AL30,v1.43.3,564.0,777.8,27.49
2026-06-11T17:24:40-03:00,AbbacoAR,Production,Analizar,Ingreso a la pestaña Condiciones de Emisión de la especie BDC28,v1.43.3,816.0,1155.2,29.36
2026-06-11T17:24:40-03:00,AbbacoAR,Production,Analizar,Ingreso a la pestaña Condiciones de Emisión de la especie PNRCO,v1.43.3,756.0,1106.6,31.68
2026-06-11T17:24:40-03:00,AbbacoAR,Production,Analizar,Ingreso a la pestaña Condiciones de Emisión de la especie TX28,v1.43.3,628.0,4446.2,85.88
2026-06-11T17:24:40-03:00,AbbacoAR,Production,Analizar,Navegabilidad por los botones TIRs y Paridades Históricas de la especie AL30,v1.43.3,5439.0,11286.0,51.81
2026-06-11T17:24:40-03:00,AbbacoAR,Production,Analizar,Navegabilidad por los botones TIRs y Paridades Históricas de la especie BDC28,v1.43.3,7745.0,12416.6,37.62
2026-06-11T17:24:40-03:00,AbbacoAR,Production,Analizar,Navegabilidad por los botones TIRs y Paridades Históricas de la especie PNRCO,v1.43.3,4420.0,5972.4,25.99
2026-06-11T17:24:40-03:00,AbbacoAR,Production,Analizar,Navegabilidad por los botones TIRs y Paridades Históricas de la especie TX28,v1.43.3,6766.0,11682.6,42.08
2026-06-11T17:24:40-03:00,AbbacoAR,Production,Analizar,Simular inversión de la especie AL30,v1.43.3,2265.0,4120.4,45.03
2026-06-11T17:24:40-03:00,AbbacoAR,Production,Analizar,Simular inversión de la especie BDC28,v1.43.3,9985.0,29493.4,66.14
2026-06-11T17:24:40-03:00,AbbacoAR,Production,Analizar,Simular inversión de la especie PNRCO,v1.43.3,6969.0,18640.2,62.61
2026-06-11T17:24:40-03:00,AbbacoAR,Production,Analizar,Simular inversión de la especie TX28,v1.43.3,2334.0,5237.4,55.44
2026-06-11T17:24:40-03:00,AbbacoAR,Production,Analizar,Validaciones en la pestaña General de la especie PNRCO,v1.43.3,592.0,1480.0,60.0
2026-06-11T17:24:40-03:00,AbbacoAR,Production,Arbitraje,Arbitraje de las especies AL30 y TX28,v1.43.3,10612.0,13581.4,21.86
2026-06-11T17:24:40-03:00,AbbacoAR,Production,Arbitraje,Ingresar al menú Arbitraje,v1.43.3,767.0,998.8,23.21
2026-06-11T17:24:40-03:00,AbbacoAR,Production,Arbitraje,"Navegabilidad entre las pestañas Paridad, Inversión y Scatter",v1.43.3,8916.0,16086.8,44.58
2026-06-11T17:24:40-03:00,AbbacoAR,Production,Calculadora,"Editar P. Simulado, de la primera simulación",v1.43.3,5353.0,11524.6,53.55
2026-06-11T17:24:40-03:00,AbbacoAR,Production,Calculadora,Editar la TIR de la primera simulación,v1.43.3,756.0,3389.8,77.7
2026-06-11T17:24:40-03:00,AbbacoAR,Production,Calculadora,Eliminar todas las simulaciones,v1.43.3,235.0,458.6,48.76
2026-06-11T17:24:40-03:00,AbbacoAR,Production,Calculadora,Ingresar al menú Calculadora,v1.43.3,4109.0,6415.0,35.95
2026-06-11T17:24:40-03:00,AbbacoAR,Production,Calculadora,Simular inversiones de la especie AL30,v1.43.3,67327.0,104187.6,35.38
2026-06-11T17:24:40-03:00,AbbacoAR,Production,Comparar,Eliminar las especies AL30 y TX28,v1.43.3,4931.0,5459.4,9.68
2026-06-11T17:24:40-03:00,AbbacoAR,Production,Comparar,Ingresar al menú Comparar,v1.43.3,792.0,967.8,18.16
2026-06-11T17:24:40-03:00,AbbacoAR,Production,Comparar,Ir a Condiciones de Emisión,v1.43.3,1256.0,1426.8,11.97
2026-06-11T17:24:40-03:00,AbbacoAR,Production,Comparar,Navegabilidad por pestañas gráficas,v1.43.3,7501.0,12150.0,38.26
2026-06-11T17:24:40-03:00,AbbacoAR,Production,Comparar,Realizar comparativa entre las especies AL30 y TX28,v1.43.3,12701.0,20937.0,39.34
2026-06-11T17:24:40-03:00,AbbacoAR,Production,Curvas,Ingresar a la pestaña Internacionales,v1.43.3,340.0,531.2,35.99
2026-06-11T17:24:40-03:00,AbbacoAR,Production,Curvas,Ingresar al menú Curvas,v1.43.3,5728.0,6879.6,16.74
2026-06-11T17:24:40-03:00,AbbacoAR,Production,Curvas,Ingreso a la curva BCRA - BOPREALs - USD,v1.43.3,779.0,1950.8,60.07
2026-06-11T17:24:40-03:00,AbbacoAR,Production,Curvas,Ingreso a la curva Brasil - Soberanos - Bonos Globales - USD,v1.43.3,34747.0,47225.8,26.42
2026-06-11T17:24:40-03:00,AbbacoAR,Production,Curvas,Ingreso a la curva Chile - Soberanos - Bonos Globales - USD,v1.43.3,14856.0,43987.2,66.23
2026-06-11T17:24:40-03:00,AbbacoAR,Production,Curvas,Ingreso a la curva Colombia - Soberanos - Bonos Globales - USD,v1.43.3,15525.0,70696.2,78.04
2026-06-11T17:24:40-03:00,AbbacoAR,Production,Curvas,Ingreso a la curva Estados Unidos - Soberanos - Treasury Notes/Bonds - USD,v1.43.3,6984.0,18696.6,62.65
2026-06-11T17:24:40-03:00,AbbacoAR,Production,Curvas,Ingreso a la curva Mexico - Soberanos - Bonos Globales - USD,v1.43.3,29448.0,74927.4,60.7
2026-06-11T17:24:40-03:00,AbbacoAR,Production,Curvas,Ingreso a la curva Paraguay - Soberanos - Bonos Globales - USD,v1.43.3,8307.0,27706.4,70.02
2026-06-11T17:24:40-03:00,AbbacoAR,Production,Curvas,Ingreso a la curva Soberanos - Letras del Tesoro Capitalizables (LECAP) - ARS,v1.43.3,1118.0,2529.6,55.8
2026-06-11T17:24:40-03:00,AbbacoAR,Production,Curvas,Ingreso a la curva Soberanos - Ley Argentina - USD,v1.43.3,961.0,1865.8,48.49
2026-06-11T17:24:40-03:00,AbbacoAR,Production,Curvas,Ingreso a la curva Soberanos - Tasa Fija + CER - ARS,v1.43.3,1062.0,2019.0,47.4
2026-06-11T17:24:40-03:00,AbbacoAR,Production,Curvas,"Ingreso a la pestaña ""BCRA""",v1.43.3,136.0,162.2,16.15
2026-06-11T17:24:40-03:00,AbbacoAR,Production,Curvas,"Ingreso a la pestaña ""Corporativos""",v1.43.3,117.0,180.0,35.0
2026-06-11T17:24:40-03:00,AbbacoAR,Production,Curvas,"Ingreso a la pestaña ""Soberanos""",v1.43.3,219.0,304.6,28.1
2026-06-11T17:24:40-03:00,AbbacoAR,Production,Curvas,"Ingreso a la pestaña ""SubSoberanos""",v1.43.3,153.0,180.2,15.09
2026-06-11T17:24:40-03:00,AbbacoAR,Production,Curvas,Ingreso en la pestaña Análisis online de la curva de: BCRA - BOPREALs - USD,v1.43.3,1441.0,5492.6,73.76
2026-06-11T17:24:40-03:00,AbbacoAR,Production,Curvas,Ingreso en la pestaña Análisis online de la curva de: Soberanos - Letras del Tesoro Capitalizables (LECAP) - ARS,v1.43.3,1355.0,6871.8,80.28
2026-06-11T17:24:40-03:00,AbbacoAR,Production,Curvas,Ingreso en la pestaña Análisis online de la curva de: Soberanos - Ley Argentina - USD,v1.43.3,2627.0,5233.0,49.8
2026-06-11T17:24:40-03:00,AbbacoAR,Production,Curvas,Ingreso en la pestaña Análisis online de la curva de: Soberanos - Tasa Fija + CER - ARS,v1.43.3,5220.0,6659.6,21.62
2026-06-11T17:24:40-03:00,AbbacoAR,Production,Graficador,Graficar la especie AL30,v1.43.3,6030.0,5772.0,-4.47
2026-06-11T17:24:40-03:00,AbbacoAR,Production,Graficador,Graficar todas las curvas,v1.43.3,364.0,11202.8,96.75
2026-06-11T17:24:40-03:00,AbbacoAR,Production,Graficador,Ingresar al menú Graficador,v1.43.3,5574.0,12017.0,53.62
2026-06-11T17:24:40-03:00,AbbacoAR,Production,Login,Login Abbaco,v1.43.3,16198.0,18989.2,14.7
2026-06-11T17:24:40-03:00,AbbacoAR,Production,Mis portafolios,Agregar la cuarta especie al portafolio,v1.43.3,3737.0,4136.0,9.65
2026-06-11T17:24:40-03:00,AbbacoAR,Production,Mis portafolios,Agregar la primera especie al portafolio,v1.43.3,4293.0,4006.4,-7.15
2026-06-11T17:24:40-03:00,AbbacoAR,Production,Mis portafolios,Agregar la segunda especie al portafolio,v1.43.3,4278.0,3894.6,-9.84
2026-06-11T17:24:40-03:00,AbbacoAR,Production,Mis portafolios,Agregar la tercera especie al portafolio,v1.43.3,4143.0,4389.4,5.61
2026-06-11T17:24:40-03:00,AbbacoAR,Production,Mis portafolios,Crear un nuevo portafolio,v1.43.3,7871.0,8577.4,8.24
2026-06-11T17:24:40-03:00,AbbacoAR,Production,Mis portafolios,Editar el portafolio,v1.43.3,3124.0,3955.4,21.02
2026-06-11T17:24:40-03:00,AbbacoAR,Production,Mis portafolios,Eliminar el portafolio,v1.43.3,735.0,4322.8,83.0
2026-06-11T17:24:40-03:00,AbbacoAR,Production,Mis portafolios,Eliminar todas las especies del portafolio,v1.43.3,6113.0,5128.6,-19.19
2026-06-11T17:24:40-03:00,AbbacoAR,Production,Mis portafolios,Ingresar al menú Mis portafolios,v1.43.3,792.0,1072.4,26.15
2026-06-11T17:24:40-03:00,AbbacoAR,Production,Mis portafolios,Navegabilidad entre las pestañas Proyección y Agenda de pagos en el portafolio,v1.43.3,1865.0,2352.4,20.72
2026-06-11T17:24:40-03:00,AbbacoAR,Production,Screener,Búsqueda con filtros en Screener,v1.43.3,7807.0,26384.6,70.41
2026-06-11T17:24:40-03:00,AbbacoAR,Production,Screener,Ingresar al menú Screener,v1.43.3,5018.0,8280.6,39.4
2026-06-11T17:24:40-03:00,AbbacoAR,Production,Sensibilidad,Eliminar escenario,v1.43.3,90.0,114.8,21.6
2026-06-11T17:24:40-03:00,AbbacoAR,Production,Sensibilidad,Eliminar especie,v1.43.3,97.0,122.0,20.49
2026-06-11T17:24:40-03:00,AbbacoAR,Production,Sensibilidad,Ingresar al menú Sensibilidad,v1.43.3,856.0,964.2,11.22
2026-06-11T17:24:40-03:00,AbbacoAR,Production,Sensibilidad,Realizar Análisis de sensibilidad,v1.43.3,6031.0,8691.0,30.61
