Timestamp,Cliente,Ambiente,Sección,Versión,P95 (ms) actual,P50 (ms) actual,Stdev (ms) actual,N muestras,P95 (ms) histórico,Porcentaje de mejora/empeora
2026-07-21T14:45:02-03:00,AbbacoAR,Production,Analizar,v1.44.5,26467.4,4708.0,11070.51,1,16997.65,-55.71
2026-07-21T14:45:02-03:00,AbbacoAR,Production,Arbitraje,v1.44.5,11336.1,10815.0,4820.49,1,12659.5,10.45
2026-07-21T14:45:02-03:00,AbbacoAR,Production,Calculadora,v1.44.5,74553.6,2466.0,35924.16,1,97374.8,23.44
2026-07-21T14:45:02-03:00,AbbacoAR,Production,Comparar,v1.44.5,12840.4,2380.0,5049.4,1,15768.75,18.57
2026-07-21T14:45:02-03:00,AbbacoAR,Production,Curvas,v1.44.5,20502.8,1521.0,7128.98,1,29477.75,30.45
2026-07-21T14:45:02-03:00,AbbacoAR,Production,Graficador,v1.44.5,7798.7,3818.0,2949.2,1,7817.5,0.24
2026-07-21T14:45:02-03:00,AbbacoAR,Production,Mis portafolios,v1.44.5,9270.1,6226.5,3292.82,1,8498.4,-9.08
2026-07-21T14:45:02-03:00,AbbacoAR,Production,Screener,v1.44.5,3929.0,3929.0,0.0,1,8616.0,54.4
2026-07-21T14:45:02-03:00,AbbacoAR,Production,Sensibilidad,v1.44.5,7770.75,756.5,3643.65,1,7914.7,1.82
