Timestamp,Cliente,Ambiente,Versión actual,Versión comparada,Sección,P95 (ms) de la versión actual,P95 (ms) de la versión comparada,Porcentaje de mejora/empeora
2026-08-24T14:39:54-03:00,AbbacoAR,Production,v1.44.8,v1.44.7,Analizar,16177.95,17421.2,7.14
2026-08-24T14:39:54-03:00,AbbacoAR,Production,v1.44.8,v1.44.7,Arbitraje,19757.4,16606.25,-18.98
2026-08-24T14:39:54-03:00,AbbacoAR,Production,v1.44.8,v1.44.7,Calculadora,59991.6,75960.45,21.02
2026-08-24T14:39:54-03:00,AbbacoAR,Production,v1.44.8,v1.44.7,Comparar,13561.0,14696.05,7.72
2026-08-24T14:39:54-03:00,AbbacoAR,Production,v1.44.8,v1.44.7,Curvas,33501.0,44235.9,24.27
2026-08-24T14:39:54-03:00,AbbacoAR,Production,v1.44.8,v1.44.7,Graficador,6613.9,7353.0,10.05
2026-08-24T14:39:54-03:00,AbbacoAR,Production,v1.44.8,v1.44.7,Mis portafolios,9090.75,10999.9,17.36
2026-08-24T14:39:54-03:00,AbbacoAR,Production,v1.44.8,v1.44.7,Screener,2933.0,3979.15,26.29
2026-08-24T14:39:54-03:00,AbbacoAR,Production,v1.44.8,v1.44.7,Sensibilidad,6447.35,7779.3,17.12
